filename,first_token_latency_sec,inference_time_sec
test1.dxf,0.000000,12.010652
test10.dxf,0.000000,12.010652
test100.dxf,0.000000,12.010652
test1000.dxf,0.000000,12.010652
test101.dxf,0.000000,12.010652
test102.dxf,0.000000,12.010652
test103.dxf,0.000000,12.010652
test104.dxf,0.000000,12.010652
test105.dxf,0.000000,12.010652
test106.dxf,0.000000,12.010652
test107.dxf,0.000000,12.010652
test108.dxf,0.000000,12.010652
test109.dxf,0.000000,12.010652
test11.dxf,0.000000,12.010652
test110.dxf,0.000000,12.010652
test111.dxf,0.000000,12.010652
test112.dxf,0.000000,12.010652
test113.dxf,0.000000,12.010652
test114.dxf,0.000000,12.010652
test115.dxf,0.000000,12.010652
test116.dxf,0.000000,12.010652
test117.dxf,0.000000,12.010652
test118.dxf,0.000000,12.010652
test119.dxf,0.000000,12.010652
test12.dxf,0.000000,12.010652
test120.dxf,0.000000,12.010652
test121.dxf,0.000000,12.010652
test122.dxf,0.000000,12.010652
test123.dxf,0.000000,12.010652
test124.dxf,0.000000,12.010652
test125.dxf,0.000000,12.010652
test126.dxf,0.000000,12.010652
test127.dxf,0.000000,12.010652
test128.dxf,0.000000,12.010652
test129.dxf,0.000000,12.010652
test13.dxf,0.000000,12.010652
test130.dxf,0.000000,12.010652
test131.dxf,0.000000,12.010652
test132.dxf,0.000000,12.010652
test133.dxf,0.000000,12.010652
test134.dxf,0.000000,12.010652
test135.dxf,0.000000,12.010652
test136.dxf,0.000000,12.010652
test137.dxf,0.000000,12.010652
test138.dxf,0.000000,12.010652
test139.dxf,0.000000,12.010652
test14.dxf,0.000000,12.010652
test140.dxf,0.000000,12.010652
test141.dxf,0.000000,12.010652
test142.dxf,0.000000,12.010652
test143.dxf,0.000000,12.010652
test144.dxf,0.000000,12.010652
test145.dxf,0.000000,12.010652
test146.dxf,0.000000,12.010652
test147.dxf,0.000000,12.010652
test148.dxf,0.000000,12.010652
test149.dxf,0.000000,12.010652
test15.dxf,0.000000,12.010652
test150.dxf,0.000000,12.010652
test151.dxf,0.000000,12.010652
test152.dxf,0.000000,12.010652
test153.dxf,0.000000,12.010652
test154.dxf,0.000000,12.010652
test155.dxf,0.000000,12.010652
test156.dxf,0.000000,12.010652
test157.dxf,0.000000,12.010652
test158.dxf,0.000000,12.010652
test159.dxf,0.000000,12.010652
test16.dxf,0.000000,12.010652
test160.dxf,0.000000,12.010652
test161.dxf,0.000000,12.010652
test162.dxf,0.000000,12.010652
test163.dxf,0.000000,12.010652
test164.dxf,0.000000,12.010652
test165.dxf,0.000000,12.010652
test166.dxf,0.000000,12.010652
test167.dxf,0.000000,12.010652
test168.dxf,0.000000,12.010652
test169.dxf,0.000000,12.010652
test17.dxf,0.000000,12.010652
test170.dxf,0.000000,12.010652
test171.dxf,0.000000,12.010652
test172.dxf,0.000000,12.010652
test173.dxf,0.000000,12.010652
test174.dxf,0.000000,12.010652
test175.dxf,0.000000,12.010652
test176.dxf,0.000000,12.010652
test177.dxf,0.000000,12.010652
test178.dxf,0.000000,12.010652
test179.dxf,0.000000,12.010652
test18.dxf,0.000000,12.010652
test180.dxf,0.000000,12.010652
test181.dxf,0.000000,12.010652
test182.dxf,0.000000,12.010652
test183.dxf,0.000000,12.010652
test184.dxf,0.000000,12.010652
test185.dxf,0.000000,12.010652
test186.dxf,0.000000,12.010652
test187.dxf,0.000000,12.010652
test188.dxf,0.000000,12.010652
test189.dxf,0.000000,12.010652
test19.dxf,0.000000,12.010652
test190.dxf,0.000000,12.010652
test191.dxf,0.000000,12.010652
test192.dxf,0.000000,12.010652
test193.dxf,0.000000,12.010652
test194.dxf,0.000000,12.010652
test195.dxf,0.000000,12.010652
test196.dxf,0.000000,12.010652
test197.dxf,0.000000,12.010652
test198.dxf,0.000000,12.010652
test199.dxf,0.000000,12.010652
test2.dxf,0.000000,12.010652
test20.dxf,0.000000,12.010652
test200.dxf,0.000000,12.010652
test201.dxf,0.000000,12.010652
test202.dxf,0.000000,12.010652
test203.dxf,0.000000,12.010652
test204.dxf,0.000000,12.010652
test205.dxf,0.000000,12.010652
test206.dxf,0.000000,12.010652
test207.dxf,0.000000,12.010652
test208.dxf,0.000000,12.010652
test209.dxf,0.000000,12.010652
test21.dxf,0.000000,12.010652
test210.dxf,0.000000,12.010652
test211.dxf,0.000000,12.010652
test212.dxf,0.000000,12.010652
test213.dxf,0.000000,12.010652
test214.dxf,0.000000,12.010652
test215.dxf,0.000000,12.010652
test216.dxf,0.000000,12.010652
test217.dxf,0.000000,12.010652
test218.dxf,0.000000,12.010652
test219.dxf,0.000000,12.010652
test22.dxf,0.000000,12.010652
test220.dxf,0.000000,12.010652
test221.dxf,0.000000,12.010652
test222.dxf,0.000000,12.010652
test223.dxf,0.000000,12.010652
test224.dxf,0.000000,12.010652
test225.dxf,0.000000,12.010652
test226.dxf,0.000000,12.010652
test227.dxf,0.000000,12.010652
test228.dxf,0.000000,12.010652
test229.dxf,0.000000,12.010652
test23.dxf,0.000000,12.010652
test230.dxf,0.000000,12.010652
test231.dxf,0.000000,12.010652
test232.dxf,0.000000,12.010652
test233.dxf,0.000000,12.010652
test234.dxf,0.000000,12.010652
test235.dxf,0.000000,12.010652
test236.dxf,0.000000,12.010652
test237.dxf,0.000000,12.010652
test238.dxf,0.000000,12.010652
test239.dxf,0.000000,12.010652
test24.dxf,0.000000,12.010652
test240.dxf,0.000000,12.010652
test241.dxf,0.000000,12.010652
test242.dxf,0.000000,12.010652
test243.dxf,0.000000,12.010652
test244.dxf,0.000000,12.010652
test245.dxf,0.000000,12.010652
test246.dxf,0.000000,12.010652
test247.dxf,0.000000,12.010652
test248.dxf,0.000000,12.010652
test249.dxf,0.000000,12.010652
test25.dxf,0.000000,12.010652
test250.dxf,0.000000,12.010652
test251.dxf,0.000000,12.010652
test252.dxf,0.000000,12.010652
test253.dxf,0.000000,12.010652
test254.dxf,0.000000,12.010652
test255.dxf,0.000000,12.010652
test256.dxf,0.000000,12.010652
test257.dxf,0.000000,12.010652
test258.dxf,0.000000,12.010652
test259.dxf,0.000000,12.010652
test26.dxf,0.000000,12.010652
test260.dxf,0.000000,12.010652
test261.dxf,0.000000,12.010652
test262.dxf,0.000000,12.010652
test263.dxf,0.000000,12.010652
test264.dxf,0.000000,12.010652
test265.dxf,0.000000,12.010652
test266.dxf,0.000000,12.010652
test267.dxf,0.000000,12.010652
test268.dxf,0.000000,12.010652
test269.dxf,0.000000,12.010652
test27.dxf,0.000000,12.010652
test270.dxf,0.000000,12.010652
test271.dxf,0.000000,12.010652
test272.dxf,0.000000,12.010652
test273.dxf,0.000000,12.010652
test274.dxf,0.000000,12.010652
test275.dxf,0.000000,12.010652
test276.dxf,0.000000,12.010652
test277.dxf,0.000000,12.010652
test278.dxf,0.000000,12.010652
test279.dxf,0.000000,12.010652
test28.dxf,0.000000,12.010652
test280.dxf,0.000000,12.010652
test281.dxf,0.000000,12.010652
test282.dxf,0.000000,12.010652
test283.dxf,0.000000,12.010652
test284.dxf,0.000000,12.010652
test285.dxf,0.000000,12.010652
test286.dxf,0.000000,12.010652
test287.dxf,0.000000,12.010652
test288.dxf,0.000000,12.010652
test289.dxf,0.000000,12.010652
test29.dxf,0.000000,12.010652
test290.dxf,0.000000,12.010652
test291.dxf,0.000000,12.010652
test292.dxf,0.000000,12.010652
test293.dxf,0.000000,12.010652
test294.dxf,0.000000,12.010652
test295.dxf,0.000000,12.010652
test296.dxf,0.000000,12.010652
test297.dxf,0.000000,12.010652
test298.dxf,0.000000,12.010652
test299.dxf,0.000000,12.010652
test3.dxf,0.000000,12.010652
test30.dxf,0.000000,12.010652
test300.dxf,0.000000,12.010652
test301.dxf,0.000000,12.010652
test302.dxf,0.000000,12.010652
test303.dxf,0.000000,12.010652
test304.dxf,0.000000,12.010652
test305.dxf,0.000000,12.010652
test306.dxf,0.000000,12.010652
test307.dxf,0.000000,12.010652
test308.dxf,0.000000,12.010652
test309.dxf,0.000000,12.010652
test31.dxf,0.000000,12.010652
test310.dxf,0.000000,12.010652
test311.dxf,0.000000,12.010652
test312.dxf,0.000000,12.010652
test313.dxf,0.000000,12.010652
test314.dxf,0.000000,12.010652
test315.dxf,0.000000,12.010652
test316.dxf,0.000000,12.010652
test317.dxf,0.000000,12.010652
test318.dxf,0.000000,12.010652
test319.dxf,0.000000,12.010652
test32.dxf,0.000000,12.010652
test320.dxf,0.000000,12.010652
test321.dxf,0.000000,12.010652
test322.dxf,0.000000,12.010652
test323.dxf,0.000000,12.010652
test324.dxf,0.000000,12.010652
test325.dxf,0.000000,12.010652
test326.dxf,0.000000,12.010652
test327.dxf,0.000000,12.010652
test328.dxf,0.000000,12.010652
test329.dxf,0.000000,12.010652
test33.dxf,0.000000,12.010652
test330.dxf,0.000000,12.010652
test331.dxf,0.000000,12.010652
test332.dxf,0.000000,12.010652
test333.dxf,0.000000,12.010652
test334.dxf,0.000000,12.010652
test335.dxf,0.000000,12.010652
test336.dxf,0.000000,12.010652
test337.dxf,0.000000,12.010652
test338.dxf,0.000000,12.010652
test339.dxf,0.000000,12.010652
test34.dxf,0.000000,12.010652
test340.dxf,0.000000,12.010652
test341.dxf,0.000000,12.010652
test342.dxf,0.000000,12.010652
test343.dxf,0.000000,12.010652
test344.dxf,0.000000,12.010652
test345.dxf,0.000000,12.010652
test346.dxf,0.000000,12.010652
test347.dxf,0.000000,12.010652
test348.dxf,0.000000,12.010652
test349.dxf,0.000000,12.010652
test35.dxf,0.000000,12.010652
test350.dxf,0.000000,12.010652
test351.dxf,0.000000,12.010652
test352.dxf,0.000000,12.010652
test353.dxf,0.000000,12.010652
test354.dxf,0.000000,12.010652
test355.dxf,0.000000,12.010652
test356.dxf,0.000000,12.010652
test357.dxf,0.000000,12.010652
test358.dxf,0.000000,12.010652
test359.dxf,0.000000,12.010652
test36.dxf,0.000000,12.010652
test360.dxf,0.000000,12.010652
test361.dxf,0.000000,12.010652
test362.dxf,0.000000,12.010652
test363.dxf,0.000000,12.010652
test364.dxf,0.000000,12.010652
test365.dxf,0.000000,12.010652
test366.dxf,0.000000,12.010652
test367.dxf,0.000000,12.010652
test368.dxf,0.000000,12.010652
test369.dxf,0.000000,12.010652
test37.dxf,0.000000,12.010652
test370.dxf,0.000000,12.010652
test371.dxf,0.000000,12.010652
test372.dxf,0.000000,12.010652
test373.dxf,0.000000,12.010652
test374.dxf,0.000000,12.010652
test375.dxf,0.000000,12.010652
test376.dxf,0.000000,12.010652
test377.dxf,0.000000,12.010652
test378.dxf,0.000000,12.010652
test379.dxf,0.000000,12.010652
test38.dxf,0.000000,12.010652
test380.dxf,0.000000,12.010652
test381.dxf,0.000000,12.010652
test382.dxf,0.000000,12.010652
test383.dxf,0.000000,12.010652
test384.dxf,0.000000,12.010652
test385.dxf,0.000000,12.010652
test386.dxf,0.000000,12.010652
test387.dxf,0.000000,12.010652
test388.dxf,0.000000,12.010652
test389.dxf,0.000000,12.010652
test39.dxf,0.000000,12.010652
test390.dxf,0.000000,12.010652
test391.dxf,0.000000,12.010652
test392.dxf,0.000000,12.010652
test393.dxf,0.000000,12.010652
test394.dxf,0.000000,12.010652
test395.dxf,0.000000,12.010652
test396.dxf,0.000000,12.010652
test397.dxf,0.000000,12.010652
test398.dxf,0.000000,12.010652
test399.dxf,0.000000,12.010652
test4.dxf,0.000000,12.010652
test40.dxf,0.000000,12.010652
test400.dxf,0.000000,12.010652
test401.dxf,0.000000,12.010652
test402.dxf,0.000000,12.010652
test403.dxf,0.000000,12.010652
test404.dxf,0.000000,12.010652
test405.dxf,0.000000,12.010652
test406.dxf,0.000000,12.010652
test407.dxf,0.000000,12.010652
test408.dxf,0.000000,12.010652
test409.dxf,0.000000,12.010652
test41.dxf,0.000000,12.010652
test410.dxf,0.000000,12.010652
test411.dxf,0.000000,12.010652
test412.dxf,0.000000,12.010652
test413.dxf,0.000000,12.010652
test414.dxf,0.000000,12.010652
test415.dxf,0.000000,12.010652
test416.dxf,0.000000,12.010652
test417.dxf,0.000000,12.010652
test418.dxf,0.000000,12.010652
test419.dxf,0.000000,12.010652
test42.dxf,0.000000,12.010652
test420.dxf,0.000000,12.010652
test421.dxf,0.000000,12.010652
test422.dxf,0.000000,12.010652
test423.dxf,0.000000,12.010652
test424.dxf,0.000000,12.010652
test425.dxf,0.000000,12.010652
test426.dxf,0.000000,12.010652
test427.dxf,0.000000,12.010652
test428.dxf,0.000000,12.010652
test429.dxf,0.000000,12.010652
test43.dxf,0.000000,12.010652
test430.dxf,0.000000,12.010652
test431.dxf,0.000000,12.010652
test432.dxf,0.000000,12.010652
test433.dxf,0.000000,12.010652
test434.dxf,0.000000,12.010652
test435.dxf,0.000000,12.010652
test436.dxf,0.000000,12.010652
test437.dxf,0.000000,12.010652
test438.dxf,0.000000,12.010652
test439.dxf,0.000000,12.010652
test44.dxf,0.000000,12.010652
test440.dxf,0.000000,12.010652
test441.dxf,0.000000,12.010652
test442.dxf,0.000000,12.010652
test443.dxf,0.000000,12.010652
test444.dxf,0.000000,12.010652
test445.dxf,0.000000,12.010652
test446.dxf,0.000000,12.010652
test447.dxf,0.000000,12.010652
test448.dxf,0.000000,12.010652
test449.dxf,0.000000,12.010652
test45.dxf,0.000000,12.010652
test450.dxf,0.000000,12.010652
test451.dxf,0.000000,12.010652
test452.dxf,0.000000,12.010652
test453.dxf,0.000000,12.010652
test454.dxf,0.000000,12.010652
test455.dxf,0.000000,12.010652
test456.dxf,0.000000,12.010652
test457.dxf,0.000000,12.010652
test458.dxf,0.000000,12.010652
test459.dxf,0.000000,12.010652
test46.dxf,0.000000,12.010652
test460.dxf,0.000000,12.010652
test461.dxf,0.000000,12.010652
test462.dxf,0.000000,12.010652
test463.dxf,0.000000,12.010652
test464.dxf,0.000000,12.010652
test465.dxf,0.000000,12.010652
test466.dxf,0.000000,12.010652
test467.dxf,0.000000,12.010652
test468.dxf,0.000000,12.010652
test469.dxf,0.000000,12.010652
test47.dxf,0.000000,12.010652
test470.dxf,0.000000,12.010652
test471.dxf,0.000000,12.010652
test472.dxf,0.000000,12.010652
test473.dxf,0.000000,12.010652
test474.dxf,0.000000,12.010652
test475.dxf,0.000000,12.010652
test476.dxf,0.000000,12.010652
test477.dxf,0.000000,12.010652
test478.dxf,0.000000,12.010652
test479.dxf,0.000000,12.010652
test48.dxf,0.000000,12.010652
test480.dxf,0.000000,12.010652
test481.dxf,0.000000,12.010652
test482.dxf,0.000000,12.010652
test483.dxf,0.000000,12.010652
test484.dxf,0.000000,12.010652
test485.dxf,0.000000,12.010652
test486.dxf,0.000000,12.010652
test487.dxf,0.000000,12.010652
test488.dxf,0.000000,12.010652
test489.dxf,0.000000,12.010652
test49.dxf,0.000000,12.010652
test490.dxf,0.000000,12.010652
test491.dxf,0.000000,12.010652
test492.dxf,0.000000,12.010652
test493.dxf,0.000000,12.010652
test494.dxf,0.000000,12.010652
test495.dxf,0.000000,12.010652
test496.dxf,0.000000,12.010652
test497.dxf,0.000000,12.010652
test498.dxf,0.000000,12.010652
test499.dxf,0.000000,12.010652
test5.dxf,0.000000,12.010652
test50.dxf,0.000000,12.010652
test500.dxf,0.000000,12.010652
test501.dxf,0.000000,12.010652
test502.dxf,0.000000,12.010652
test503.dxf,0.000000,12.010652
test504.dxf,0.000000,12.010652
test505.dxf,0.000000,12.010652
test506.dxf,0.000000,12.010652
test507.dxf,0.000000,12.010652
test508.dxf,0.000000,12.010652
test509.dxf,0.000000,12.010652
test51.dxf,0.000000,12.010652
test510.dxf,0.000000,12.010652
test511.dxf,0.000000,12.010652
test512.dxf,0.000000,12.010652
test513.dxf,0.000000,12.010652
test514.dxf,0.000000,12.010652
test515.dxf,0.000000,12.010652
test516.dxf,0.000000,12.010652
test517.dxf,0.000000,12.010652
test518.dxf,0.000000,12.010652
test519.dxf,0.000000,12.010652
test52.dxf,0.000000,12.010652
test520.dxf,0.000000,12.010652
test521.dxf,0.000000,12.010652
test522.dxf,0.000000,12.010652
test523.dxf,0.000000,12.010652
test524.dxf,0.000000,12.010652
test525.dxf,0.000000,12.010652
test526.dxf,0.000000,12.010652
test527.dxf,0.000000,12.010652
test528.dxf,0.000000,12.010652
test529.dxf,0.000000,12.010652
test53.dxf,0.000000,12.010652
test530.dxf,0.000000,12.010652
test531.dxf,0.000000,12.010652
test532.dxf,0.000000,12.010652
test533.dxf,0.000000,12.010652
test534.dxf,0.000000,12.010652
test535.dxf,0.000000,12.010652
test536.dxf,0.000000,12.010652
test537.dxf,0.000000,12.010652
test538.dxf,0.000000,12.010652
test539.dxf,0.000000,12.010652
test54.dxf,0.000000,12.010652
test540.dxf,0.000000,12.010652
test541.dxf,0.000000,12.010652
test542.dxf,0.000000,12.010652
test543.dxf,0.000000,12.010652
test544.dxf,0.000000,12.010652
test545.dxf,0.000000,12.010652
test546.dxf,0.000000,12.010652
test547.dxf,0.000000,12.010652
test548.dxf,0.000000,12.010652
test549.dxf,0.000000,12.010652
test55.dxf,0.000000,12.010652
test550.dxf,0.000000,12.010652
test551.dxf,0.000000,12.010652
test552.dxf,0.000000,12.010652
test553.dxf,0.000000,12.010652
test554.dxf,0.000000,12.010652
test555.dxf,0.000000,12.010652
test556.dxf,0.000000,12.010652
test557.dxf,0.000000,12.010652
test558.dxf,0.000000,12.010652
test559.dxf,0.000000,12.010652
test56.dxf,0.000000,12.010652
test560.dxf,0.000000,12.010652
test561.dxf,0.000000,12.010652
test562.dxf,0.000000,12.010652
test563.dxf,0.000000,12.010652
test564.dxf,0.000000,12.010652
test565.dxf,0.000000,12.010652
test566.dxf,0.000000,12.010652
test567.dxf,0.000000,12.010652
test568.dxf,0.000000,12.010652
test569.dxf,0.000000,12.010652
test57.dxf,0.000000,12.010652
test570.dxf,0.000000,12.010652
test571.dxf,0.000000,12.010652
test572.dxf,0.000000,12.010652
test573.dxf,0.000000,12.010652
test574.dxf,0.000000,12.010652
test575.dxf,0.000000,12.010652
test576.dxf,0.000000,12.010652
test577.dxf,0.000000,12.010652
test578.dxf,0.000000,12.010652
test579.dxf,0.000000,12.010652
test58.dxf,0.000000,12.010652
test580.dxf,0.000000,12.010652
test581.dxf,0.000000,12.010652
test582.dxf,0.000000,12.010652
test583.dxf,0.000000,12.010652
test584.dxf,0.000000,12.010652
test585.dxf,0.000000,12.010652
test586.dxf,0.000000,12.010652
test587.dxf,0.000000,12.010652
test588.dxf,0.000000,12.010652
test589.dxf,0.000000,12.010652
test59.dxf,0.000000,12.010652
test590.dxf,0.000000,12.010652
test591.dxf,0.000000,12.010652
test592.dxf,0.000000,12.010652
test593.dxf,0.000000,12.010652
test594.dxf,0.000000,12.010652
test595.dxf,0.000000,12.010652
test596.dxf,0.000000,12.010652
test597.dxf,0.000000,12.010652
test598.dxf,0.000000,12.010652
test599.dxf,0.000000,12.010652
test6.dxf,0.000000,12.010652
test60.dxf,0.000000,12.010652
test600.dxf,0.000000,12.010652
test601.dxf,0.000000,12.010652
test602.dxf,0.000000,12.010652
test603.dxf,0.000000,12.010652
test604.dxf,0.000000,12.010652
test605.dxf,0.000000,12.010652
test606.dxf,0.000000,12.010652
test607.dxf,0.000000,12.010652
test608.dxf,0.000000,12.010652
test609.dxf,0.000000,12.010652
test61.dxf,0.000000,12.010652
test610.dxf,0.000000,12.010652
test611.dxf,0.000000,12.010652
test612.dxf,0.000000,12.010652
test613.dxf,0.000000,12.010652
test614.dxf,0.000000,12.010652
test615.dxf,0.000000,12.010652
test616.dxf,0.000000,12.010652
test617.dxf,0.000000,12.010652
test618.dxf,0.000000,12.010652
test619.dxf,0.000000,12.010652
test62.dxf,0.000000,12.010652
test620.dxf,0.000000,12.010652
test621.dxf,0.000000,12.010652
test622.dxf,0.000000,12.010652
test623.dxf,0.000000,12.010652
test624.dxf,0.000000,12.010652
test625.dxf,0.000000,12.010652
test626.dxf,0.000000,12.010652
test627.dxf,0.000000,12.010652
test628.dxf,0.000000,12.010652
test629.dxf,0.000000,12.010652
test63.dxf,0.000000,12.010652
test630.dxf,0.000000,12.010652
test631.dxf,0.000000,12.010652
test632.dxf,0.000000,12.010652
test633.dxf,0.000000,12.010652
test634.dxf,0.000000,12.010652
test635.dxf,0.000000,12.010652
test636.dxf,0.000000,12.010652
test637.dxf,0.000000,12.010652
test638.dxf,0.000000,12.010652
test639.dxf,0.000000,12.010652
test64.dxf,0.000000,12.010652
test640.dxf,0.000000,12.010652
test641.dxf,0.000000,12.010652
test642.dxf,0.000000,12.010652
test643.dxf,0.000000,12.010652
test644.dxf,0.000000,12.010652
test645.dxf,0.000000,12.010652
test646.dxf,0.000000,12.010652
test647.dxf,0.000000,12.010652
test648.dxf,0.000000,12.010652
test649.dxf,0.000000,12.010652
test65.dxf,0.000000,12.010652
test650.dxf,0.000000,12.010652
test651.dxf,0.000000,12.010652
test652.dxf,0.000000,12.010652
test653.dxf,0.000000,12.010652
test654.dxf,0.000000,12.010652
test655.dxf,0.000000,12.010652
test656.dxf,0.000000,12.010652
test657.dxf,0.000000,12.010652
test658.dxf,0.000000,12.010652
test659.dxf,0.000000,12.010652
test66.dxf,0.000000,12.010652
test660.dxf,0.000000,12.010652
test661.dxf,0.000000,12.010652
test662.dxf,0.000000,12.010652
test663.dxf,0.000000,12.010652
test664.dxf,0.000000,12.010652
test665.dxf,0.000000,12.010652
test666.dxf,0.000000,12.010652
test667.dxf,0.000000,12.010652
test668.dxf,0.000000,12.010652
test669.dxf,0.000000,12.010652
test67.dxf,0.000000,12.010652
test670.dxf,0.000000,12.010652
test671.dxf,0.000000,12.010652
test672.dxf,0.000000,12.010652
test673.dxf,0.000000,12.010652
test674.dxf,0.000000,12.010652
test675.dxf,0.000000,12.010652
test676.dxf,0.000000,12.010652
test677.dxf,0.000000,12.010652
test678.dxf,0.000000,12.010652
test679.dxf,0.000000,12.010652
test68.dxf,0.000000,12.010652
test680.dxf,0.000000,12.010652
test681.dxf,0.000000,12.010652
test682.dxf,0.000000,12.010652
test683.dxf,0.000000,12.010652
test684.dxf,0.000000,12.010652
test685.dxf,0.000000,12.010652
test686.dxf,0.000000,12.010652
test687.dxf,0.000000,12.010652
test688.dxf,0.000000,12.010652
test689.dxf,0.000000,12.010652
test69.dxf,0.000000,12.010652
test690.dxf,0.000000,12.010652
test691.dxf,0.000000,12.010652
test692.dxf,0.000000,12.010652
test693.dxf,0.000000,12.010652
test694.dxf,0.000000,12.010652
test695.dxf,0.000000,12.010652
test696.dxf,0.000000,12.010652
test697.dxf,0.000000,12.010652
test698.dxf,0.000000,12.010652
test699.dxf,0.000000,12.010652
test7.dxf,0.000000,12.010652
test70.dxf,0.000000,12.010652
test700.dxf,0.000000,12.010652
test701.dxf,0.000000,12.010652
test702.dxf,0.000000,12.010652
test703.dxf,0.000000,12.010652
test704.dxf,0.000000,12.010652
test705.dxf,0.000000,12.010652
test706.dxf,0.000000,12.010652
test707.dxf,0.000000,12.010652
test708.dxf,0.000000,12.010652
test709.dxf,0.000000,12.010652
test71.dxf,0.000000,12.010652
test710.dxf,0.000000,12.010652
test711.dxf,0.000000,12.010652
test712.dxf,0.000000,12.010652
test713.dxf,0.000000,12.010652
test714.dxf,0.000000,12.010652
test715.dxf,0.000000,12.010652
test716.dxf,0.000000,12.010652
test717.dxf,0.000000,12.010652
test718.dxf,0.000000,12.010652
test719.dxf,0.000000,12.010652
test72.dxf,0.000000,12.010652
test720.dxf,0.000000,12.010652
test721.dxf,0.000000,12.010652
test722.dxf,0.000000,12.010652
test723.dxf,0.000000,12.010652
test724.dxf,0.000000,12.010652
test725.dxf,0.000000,12.010652
test726.dxf,0.000000,12.010652
test727.dxf,0.000000,12.010652
test728.dxf,0.000000,12.010652
test729.dxf,0.000000,12.010652
test73.dxf,0.000000,12.010652
test730.dxf,0.000000,12.010652
test731.dxf,0.000000,12.010652
test732.dxf,0.000000,12.010652
test733.dxf,0.000000,12.010652
test734.dxf,0.000000,12.010652
test735.dxf,0.000000,12.010652
test736.dxf,0.000000,12.010652
test737.dxf,0.000000,12.010652
test738.dxf,0.000000,12.010652
test739.dxf,0.000000,12.010652
test74.dxf,0.000000,12.010652
test740.dxf,0.000000,12.010652
test741.dxf,0.000000,12.010652
test742.dxf,0.000000,12.010652
test743.dxf,0.000000,12.010652
test744.dxf,0.000000,12.010652
test745.dxf,0.000000,12.010652
test746.dxf,0.000000,12.010652
test747.dxf,0.000000,12.010652
test748.dxf,0.000000,12.010652
test749.dxf,0.000000,12.010652
test75.dxf,0.000000,12.010652
test750.dxf,0.000000,12.010652
test751.dxf,0.000000,12.010652
test752.dxf,0.000000,12.010652
test753.dxf,0.000000,12.010652
test754.dxf,0.000000,12.010652
test755.dxf,0.000000,12.010652
test756.dxf,0.000000,12.010652
test757.dxf,0.000000,12.010652
test758.dxf,0.000000,12.010652
test759.dxf,0.000000,12.010652
test76.dxf,0.000000,12.010652
test760.dxf,0.000000,12.010652
test761.dxf,0.000000,12.010652
test762.dxf,0.000000,12.010652
test763.dxf,0.000000,12.010652
test764.dxf,0.000000,12.010652
test765.dxf,0.000000,12.010652
test766.dxf,0.000000,12.010652
test767.dxf,0.000000,12.010652
test768.dxf,0.000000,12.010652
test769.dxf,0.000000,12.010652
test77.dxf,0.000000,12.010652
test770.dxf,0.000000,12.010652
test771.dxf,0.000000,12.010652
test772.dxf,0.000000,12.010652
test773.dxf,0.000000,12.010652
test774.dxf,0.000000,12.010652
test775.dxf,0.000000,12.010652
test776.dxf,0.000000,12.010652
test777.dxf,0.000000,12.010652
test778.dxf,0.000000,12.010652
test779.dxf,0.000000,12.010652
test78.dxf,0.000000,12.010652
test780.dxf,0.000000,12.010652
test781.dxf,0.000000,12.010652
test782.dxf,0.000000,12.010652
test783.dxf,0.000000,12.010652
test784.dxf,0.000000,12.010652
test785.dxf,0.000000,12.010652
test786.dxf,0.000000,12.010652
test787.dxf,0.000000,12.010652
test788.dxf,0.000000,12.010652
test789.dxf,0.000000,12.010652
test79.dxf,0.000000,12.010652
test790.dxf,0.000000,12.010652
test791.dxf,0.000000,12.010652
test792.dxf,0.000000,12.010652
test793.dxf,0.000000,12.010652
test794.dxf,0.000000,12.010652
test795.dxf,0.000000,12.010652
test796.dxf,0.000000,12.010652
test797.dxf,0.000000,12.010652
test798.dxf,0.000000,12.010652
test799.dxf,0.000000,12.010652
test8.dxf,0.000000,12.010652
test80.dxf,0.000000,12.010652
test800.dxf,0.000000,12.010652
test801.dxf,0.000000,12.010652
test802.dxf,0.000000,12.010652
test803.dxf,0.000000,12.010652
test804.dxf,0.000000,12.010652
test805.dxf,0.000000,12.010652
test806.dxf,0.000000,12.010652
test807.dxf,0.000000,12.010652
test808.dxf,0.000000,12.010652
test809.dxf,0.000000,12.010652
test81.dxf,0.000000,12.010652
test810.dxf,0.000000,12.010652
test811.dxf,0.000000,12.010652
test812.dxf,0.000000,12.010652
test813.dxf,0.000000,12.010652
test814.dxf,0.000000,12.010652
test815.dxf,0.000000,12.010652
test816.dxf,0.000000,12.010652
test817.dxf,0.000000,12.010652
test818.dxf,0.000000,12.010652
test819.dxf,0.000000,12.010652
test82.dxf,0.000000,12.010652
test820.dxf,0.000000,12.010652
test821.dxf,0.000000,12.010652
test822.dxf,0.000000,12.010652
test823.dxf,0.000000,12.010652
test824.dxf,0.000000,12.010652
test825.dxf,0.000000,12.010652
test826.dxf,0.000000,12.010652
test827.dxf,0.000000,12.010652
test828.dxf,0.000000,12.010652
test829.dxf,0.000000,12.010652
test83.dxf,0.000000,12.010652
test830.dxf,0.000000,12.010652
test831.dxf,0.000000,12.010652
test832.dxf,0.000000,12.010652
test833.dxf,0.000000,12.010652
test834.dxf,0.000000,12.010652
test835.dxf,0.000000,12.010652
test836.dxf,0.000000,12.010652
test837.dxf,0.000000,12.010652
test838.dxf,0.000000,12.010652
test839.dxf,0.000000,12.010652
test84.dxf,0.000000,12.010652
test840.dxf,0.000000,12.010652
test841.dxf,0.000000,12.010652
test842.dxf,0.000000,12.010652
test843.dxf,0.000000,12.010652
test844.dxf,0.000000,12.010652
test845.dxf,0.000000,12.010652
test846.dxf,0.000000,12.010652
test847.dxf,0.000000,12.010652
test848.dxf,0.000000,12.010652
test849.dxf,0.000000,12.010652
test85.dxf,0.000000,12.010652
test850.dxf,0.000000,12.010652
test851.dxf,0.000000,12.010652
test852.dxf,0.000000,12.010652
test853.dxf,0.000000,12.010652
test854.dxf,0.000000,12.010652
test855.dxf,0.000000,12.010652
test856.dxf,0.000000,12.010652
test857.dxf,0.000000,12.010652
test858.dxf,0.000000,12.010652
test859.dxf,0.000000,12.010652
test86.dxf,0.000000,12.010652
test860.dxf,0.000000,12.010652
test861.dxf,0.000000,12.010652
test862.dxf,0.000000,12.010652
test863.dxf,0.000000,12.010652
test864.dxf,0.000000,12.010652
test865.dxf,0.000000,12.010652
test866.dxf,0.000000,12.010652
test867.dxf,0.000000,12.010652
test868.dxf,0.000000,12.010652
test869.dxf,0.000000,12.010652
test87.dxf,0.000000,12.010652
test870.dxf,0.000000,12.010652
test871.dxf,0.000000,12.010652
test872.dxf,0.000000,12.010652
test873.dxf,0.000000,12.010652
test874.dxf,0.000000,12.010652
test875.dxf,0.000000,12.010652
test876.dxf,0.000000,12.010652
test877.dxf,0.000000,12.010652
test878.dxf,0.000000,12.010652
test879.dxf,0.000000,12.010652
test88.dxf,0.000000,12.010652
test880.dxf,0.000000,12.010652
test881.dxf,0.000000,12.010652
test882.dxf,0.000000,12.010652
test883.dxf,0.000000,12.010652
test884.dxf,0.000000,12.010652
test885.dxf,0.000000,12.010652
test886.dxf,0.000000,12.010652
test887.dxf,0.000000,12.010652
test888.dxf,0.000000,12.010652
test889.dxf,0.000000,12.010652
test89.dxf,0.000000,12.010652
test890.dxf,0.000000,12.010652
test891.dxf,0.000000,12.010652
test892.dxf,0.000000,12.010652
test893.dxf,0.000000,12.010652
test894.dxf,0.000000,12.010652
test895.dxf,0.000000,12.010652
test896.dxf,0.000000,12.010652
test897.dxf,0.000000,12.010652
test898.dxf,0.000000,12.010652
test899.dxf,0.000000,12.010652
test9.dxf,0.000000,12.010652
test90.dxf,0.000000,12.010652
test900.dxf,0.000000,12.010652
test901.dxf,0.000000,12.010652
test902.dxf,0.000000,12.010652
test903.dxf,0.000000,12.010652
test904.dxf,0.000000,12.010652
test905.dxf,0.000000,12.010652
test906.dxf,0.000000,12.010652
test907.dxf,0.000000,12.010652
test908.dxf,0.000000,12.010652
test909.dxf,0.000000,12.010652
test91.dxf,0.000000,12.010652
test910.dxf,0.000000,12.010652
test911.dxf,0.000000,12.010652
test912.dxf,0.000000,12.010652
test913.dxf,0.000000,12.010652
test914.dxf,0.000000,12.010652
test915.dxf,0.000000,12.010652
test916.dxf,0.000000,12.010652
test917.dxf,0.000000,12.010652
test918.dxf,0.000000,12.010652
test919.dxf,0.000000,12.010652
test92.dxf,0.000000,12.010652
test920.dxf,0.000000,12.010652
test921.dxf,0.000000,12.010652
test922.dxf,0.000000,12.010652
test923.dxf,0.000000,12.010652
test924.dxf,0.000000,12.010652
test925.dxf,0.000000,12.010652
test926.dxf,0.000000,12.010652
test927.dxf,0.000000,12.010652
test928.dxf,0.000000,12.010652
test929.dxf,0.000000,12.010652
test93.dxf,0.000000,12.010652
test930.dxf,0.000000,12.010652
test931.dxf,0.000000,12.010652
test932.dxf,0.000000,12.010652
test933.dxf,0.000000,12.010652
test934.dxf,0.000000,12.010652
test935.dxf,0.000000,12.010652
test936.dxf,0.000000,12.010652
test937.dxf,0.000000,12.010652
test938.dxf,0.000000,12.010652
test939.dxf,0.000000,12.010652
test94.dxf,0.000000,12.010652
test940.dxf,0.000000,12.010652
test941.dxf,0.000000,12.010652
test942.dxf,0.000000,12.010652
test943.dxf,0.000000,12.010652
test944.dxf,0.000000,12.010652
test945.dxf,0.000000,12.010652
test946.dxf,0.000000,12.010652
test947.dxf,0.000000,12.010652
test948.dxf,0.000000,12.010652
test949.dxf,0.000000,12.010652
test95.dxf,0.000000,12.010652
test950.dxf,0.000000,12.010652
test951.dxf,0.000000,12.010652
test952.dxf,0.000000,12.010652
test953.dxf,0.000000,12.010652
test954.dxf,0.000000,12.010652
test955.dxf,0.000000,12.010652
test956.dxf,0.000000,12.010652
test957.dxf,0.000000,12.010652
test958.dxf,0.000000,12.010652
test959.dxf,0.000000,12.010652
test96.dxf,0.000000,12.010652
test960.dxf,0.000000,12.010652
test961.dxf,0.000000,12.010652
test962.dxf,0.000000,12.010652
test963.dxf,0.000000,12.010652
test964.dxf,0.000000,12.010652
test965.dxf,0.000000,12.010652
test966.dxf,0.000000,12.010652
test967.dxf,0.000000,12.010652
test968.dxf,0.000000,12.010652
test969.dxf,0.000000,12.010652
test97.dxf,0.000000,12.010652
test970.dxf,0.000000,12.010652
test971.dxf,0.000000,12.010652
test972.dxf,0.000000,12.010652
test973.dxf,0.000000,12.010652
test974.dxf,0.000000,12.010652
test975.dxf,0.000000,12.010652
test976.dxf,0.000000,12.010652
test977.dxf,0.000000,12.010652
test978.dxf,0.000000,12.010652
test979.dxf,0.000000,12.010652
test98.dxf,0.000000,12.010652
test980.dxf,0.000000,12.010652
test981.dxf,0.000000,12.010652
test982.dxf,0.000000,12.010652
test983.dxf,0.000000,12.010652
test984.dxf,0.000000,12.010652
test985.dxf,0.000000,12.010652
test986.dxf,0.000000,12.010652
test987.dxf,0.000000,12.010652
test988.dxf,0.000000,12.010652
test989.dxf,0.000000,12.010652
test99.dxf,0.000000,12.010652
test990.dxf,0.000000,12.010652
test991.dxf,0.000000,12.010652
test992.dxf,0.000000,12.010652
test993.dxf,0.000000,12.010652
test994.dxf,0.000000,12.010652
test995.dxf,0.000000,12.010652
test996.dxf,0.000000,12.010652
test997.dxf,0.000000,12.010652
test998.dxf,0.000000,12.010652
test999.dxf,0.000000,12.010652
